[
  {
    "id": "120363047051619579@g.us",
    "mensagembv": "bem vindo ao grupo Testes Oficiais da Sabrina-MD!"
  },
  {
    "id": "120363026223360530@g.us",
    "mensagembv": "Bem Vindo!"
  },
  {
    "id": "120363025569273112@g.us",
    "mensagembv": "Bem Vindo!"
  },
  {
    "id": "120363029561019565@g.us",
    "mensagembv": "Bem Vindo!"
  },
  {
    "id": "120363028312492794@g.us",
    "mensagembv": "Bem Vindo!"
  },
  {
    "id": "120363045418101536@g.us",
    "mensagembv": "bem vindo ao grupo de suporte da NezSab"
  },
  {
    "id": "120363021323660564@g.us",
    "mensagembv": "Bem Vindo!"
  },
  {
    "id": "120363029495608484@g.us",
    "mensagembv": "Bem Vindo!"
  },
  {
    "id": "120363044323156812@g.us",
    "mensagembv": "Bem Vindo!"
  },
  {
    "id": "120363029812764949@g.us",
    "mensagembv": "🔥 ❃ ⩩꙰ ፝ ❤ ፝ ࿊㩬࿊ ፝ 🐍 ፝ ⩩꙰ ❃ 🌪\nㅤ ❮ 𝚰𝚳𝐏𝚵𝐑𝚰𝚹 𝐃𝚫 𝚴𝚺𝐙𝐔̴𝚱𝚯 ❯\nㅤ 🌊 ✰ ⩩꙰ ፝ 🦋 ፝ ࿊㩬࿊ ፝ 🎵 ፝ ⩩꙰ ✰ ☁\nㅤㅤㅤㅤㅤ☾⋆Pʀᴏɪʙɪᴅᴏ◈\n⁕ 🦋⃞̶꙰ᯭ ➜ ✚𝟭𝟴/ʟɪɴᴋɢᴘ/ғʟᴏᴏᴅ/ᴠᴇɴᴅᴀs\n⁕ 🌊̶꙰⃝ ➜ ᴋɪᴅ/ᴘᴇᴅɪʀ ᴀᴅᴍ/ɢᴏʟᴘᴇ/ɢʜᴏsᴛ\n⁕ ☁️⃝̶꙰ ➜ ɪɴᴠᴀᴅɪ ᴘᴠ/ʙʀɪɢᴀs/ᴘᴏʟɪ́ᴛɪᴄᴀ\n⁕ 🔥̶꙰⃝ ➜ ʙᴏᴛ sᴇᴍ ᴀᴜᴛᴏʀɪᴢᴀᴄ̧ᴀ̃ᴏ\nㅤㅤㅤㅤ ☾⋆Iɴғᴏʀᴍᴀᴄ̧ᴏ̃ᴇs◈\n⁕ ❤️⃝̶꙰ ➜ Sᴀʙʀɪɴᴀ-MD ⟦ ! ᴏᴜ . ⟧\n⁕ 🎵̶꙰⃞ ➜ Nᴇᴢᴜᴋᴏ-MD ⟬ / ⟭\n⁕ 🪨⃝̶꙰ ➜ Jᴇsϙᴜɪɴʜᴀ-MD ⟪ ᴍᴜʟᴛɪ ⟫\n⁕ 🐍⃟̶꙰ ➜ NᴇᴢᴜᴋᴏOFC ➧ Linktr.ee/NEZUKO_OFC\n⁕ 🌪️̶꙰⃟ ➜ Fᴀᴍɪ́ʟɪᴀ Sʟᴀʏᴇʀ ➧ bit.ly/FMLYSYR"
  },
  {
    "id": "120363043480615824@g.us",
    "mensagembv": "Bem Vindo!"
  },
  {
    "id": "120363043837942965@g.us",
    "mensagembv": "Bem Vindo!"
  },
  {
    "id": "120363047681439310@g.us",
    "mensagembv": "Bem Vindo!"
  },
  {
    "id": "120363045964104916@g.us",
    "mensagembv": "Bem Vindo!"
  },
  {
    "id": "120363025054246539@g.us",
    "mensagembv": "Bem Vindo!"
  },
  {
    "id": "120363046261615352@g.us",
    "mensagembv": "Bem Vindo!"
  },
  {
    "id": "120363045236750122@g.us",
    "mensagembv": "Bem Vindo!"
  },
  {
    "id": "120363027474317323@g.us",
    "mensagembv": "Bem Vindo!"
  },
  {
    "id": "120363040158330828@g.us",
    "mensagembv": "Bem Vindo!"
  },
  {
    "id": "120363045977339035@g.us",
    "mensagembv": "Bem Vindo!"
  },
  {
    "id": "120363045254307502@g.us",
    "mensagembv": "Bem Vindo!"
  },
  {
    "id": "556196474751-1623100143@g.us",
    "mensagembv": "Bem Vindo!"
  },
  {
    "id": "120363027840360029@g.us",
    "mensagembv": "Bem Vindo!"
  },
  {
    "id": "120363028931685137@g.us",
    "mensagembv": "Bem Vindo!"
  },
  {
    "id": "120363027701345037@g.us",
    "mensagembv": "Bem Vindo!"
  },
  {
    "id": "120363029993622465@g.us",
    "mensagembv": "Bem Vindo!"
  },
  {
    "id": "120363026163264332@g.us",
    "mensagembv": "Bem Vindo!"
  },
  {
    "id": "120363046630636072@g.us",
    "mensagembv": "Bem Vindo!"
  },
  {
    "id": "120363028854237170@g.us",
    "mensagembv": "Bem Vindo!"
  },
  {
    "id": "558288719991-1608661421@g.us",
    "mensagembv": "Bem Vindo!"
  },
  {
    "id": "120363046235790856@g.us",
    "mensagembv": "Bem Vindo!"
  },
  {
    "id": "120363045375677540@g.us",
    "mensagembv": "Bem Vindo!"
  },
  {
    "id": "120363046845992091@g.us",
    "mensagembv": "Bem Vindo!"
  },
  {
    "id": "120363029315578130@g.us",
    "mensagembv": "Bem Vindo!"
  },
  {
    "id": "555197728678-1624341549@g.us",
    "mensagembv": "Bem Vindo!"
  },
  {
    "id": "120363028554809909@g.us",
    "mensagembv": "Bem Vindo!"
  },
  {
    "id": "120363047830132454@g.us",
    "mensagembv": "Bem Vindo!"
  },
  {
    "id": "120363047041144871@g.us",
    "mensagembv": "Bem Vindo!"
  },
  {
    "id": "558386664336-1625241027@g.us",
    "mensagembv": "Bem Vindo!"
  },
  {
    "id": "120363049147399969@g.us",
    "mensagembv": "Bem Vindo!"
  },
  {
    "id": "120363026758319679@g.us",
    "mensagembv": "Bem Vindo!"
  },
  {
    "id": "120363028880552972@g.us",
    "mensagembv": "Bem Vindo!"
  },
  {
    "id": "554498306275-1579032295@g.us",
    "mensagembv": "Bem Vindo!"
  },
  {
    "id": "120363045249670184@g.us",
    "mensagembv": "Bem Vindo!"
  },
  {
    "id": "120363029945987751@g.us",
    "mensagembv": "Bem Vindo!"
  },
  {
    "id": "120363029733386039@g.us",
    "mensagembv": "Bem Vindo!"
  },
  {
    "id": "120363043957005407@g.us",
    "mensagembv": "Bem Vindo!"
  },
  {
    "id": "120363029149438102@g.us",
    "mensagembv": "Bem Vindo!"
  },
  {
    "id": "120363046575150324@g.us",
    "mensagembv": "Bem Vindo!"
  },
  {
    "id": "120363046004169601@g.us",
    "mensagembv": "Bem Vindo!"
  },
  {
    "id": "120363031346467278@g.us",
    "mensagembv": "Bem Vindo!"
  },
  {
    "id": "120363030047043557@g.us",
    "mensagembv": "Bem Vindo!"
  },
  {
    "id": "120363029064457843@g.us",
    "mensagembv": "Bem Vindo!"
  },
  {
    "id": "120363046957103061@g.us",
    "mensagembv": "Bem Vindo!"
  },
  {
    "id": "120363047488423077@g.us",
    "mensagembv": "Bem Vindo!"
  },
  {
    "id": "120363045012888751@g.us",
    "mensagembv": "Bem Vindo!"
  },
  {
    "id": "120363046642374800@g.us",
    "mensagembv": "Bem Vindo!"
  },
  {
    "id": "120363048069778003@g.us",
    "mensagembv": "Bem Vindo!"
  },
  {
    "id": "120363044935480231@g.us",
    "mensagembv": "Bem Vindo!"
  },
  {
    "id": "120363047389973045@g.us",
    "mensagembv": "Bem Vindo!"
  },
  {
    "id": "120363029187967915@g.us",
    "mensagembv": "Bem Vindo!"
  },
  {
    "id": "120363047951786907@g.us",
    "mensagembv": "Bem Vindo!"
  },
  {
    "id": "120363047633434579@g.us",
    "mensagembv": "Bem Vindo!"
  },
  {
    "id": "120363048675523208@g.us",
    "mensagembv": "Bem Vindo!"
  },
  {
    "id": "120363047938564357@g.us",
    "mensagembv": "Bem Vindo!"
  },
  {
    "id": "120363029627891671@g.us",
    "mensagembv": "Bem Vindo!"
  },
  {
    "id": "120363030244370468@g.us",
    "mensagembv": "Bem Vindo!"
  },
  {
    "id": "120363030083247219@g.us",
    "mensagembv": "Bem Vindo!"
  },
  {
    "id": "120363031857706158@g.us",
    "mensagembv": "Bem Vindo!"
  },
  {
    "id": "120363046599275364@g.us",
    "mensagembv": "Bem Vindo!"
  },
  {
    "id": "120363045579030615@g.us",
    "mensagembv": "Bem Vindo!"
  },
  {
    "id": "120363028546471606@g.us",
    "mensagembv": "Bem Vindo!"
  },
  {
    "id": "120363047483831018@g.us",
    "mensagembv": "Bem Vindo!"
  },
  {
    "id": "120363026712522910@g.us",
    "mensagembv": "Bem Vindo!"
  },
  {
    "id": "120363043437997339@g.us",
    "mensagembv": "Bem Vindo!"
  },
  {
    "id": "120363048677587897@g.us",
    "mensagembv": "Bem Vindo!"
  },
  {
    "id": "120363024807535268@g.us",
    "mensagembv": "Bem Vindo!"
  },
  {
    "id": "120363044548231341@g.us",
    "mensagembv": "Bem Vindo!"
  },
  {
    "id": "120363046704987491@g.us",
    "mensagembv": "Bem Vindo!"
  },
  {
    "id": "120363047814425376@g.us",
    "mensagembv": "Bem Vindo!"
  },
  {
    "id": "120363046115135293@g.us",
    "mensagembv": "Bem Vindo!"
  },
  {
    "id": "120363030346353915@g.us",
    "mensagembv": "Bem Vindo!"
  },
  {
    "id": "120363029447025926@g.us",
    "mensagembv": "Bem Vindo!"
  },
  {
    "id": "120363047407216625@g.us",
    "mensagembv": "Bem Vindo!"
  },
  {
    "id": "120363049069111877@g.us",
    "mensagembv": "Bem Vindo!"
  },
  {
    "id": "120363047932889949@g.us",
    "mensagembv": "Bem Vindo!"
  },
  {
    "id": "120363028498169028@g.us",
    "mensagembv": "Bem Vindo!"
  },
  {
    "id": "120363045518641742@g.us",
    "mensagembv": "Bem Vindo!"
  },
  {
    "id": "120363029755389778@g.us",
    "mensagembv": "Bem Vindo!"
  },
  {
    "id": "120363046193665189@g.us",
    "mensagembv": "Bem Vindo!"
  },
  {
    "id": "120363047738072764@g.us",
    "mensagembv": "Bem Vindo!"
  },
  {
    "id": "120363050057728634@g.us",
    "mensagembv": "Bem Vindo!"
  },
  {
    "id": "120363046834095584@g.us",
    "mensagembv": "Bem Vindo!"
  },
  {
    "id": "120363045914576086@g.us",
    "mensagembv": "Bem Vindo!"
  },
  {
    "id": "120363026170319045@g.us",
    "mensagembv": "Bem Vindo!"
  },
  {
    "id": "120363048421606068@g.us",
    "mensagembv": "Bem Vindo!"
  },
  {
    "id": "120363048580108199@g.us",
    "mensagembv": "Bem Vindo!"
  },
  {
    "id": "120363048621109367@g.us",
    "mensagembv": "Bem Vindo!"
  },
  {
    "id": "120363030919726340@g.us",
    "mensagembv": "Bem Vindo!"
  },
  {
    "id": "120363045556703206@g.us",
    "mensagembv": "Bem Vindo!"
  },
  {
    "id": "120363047080855802@g.us",
    "mensagembv": "Bem Vindo!"
  },
  {
    "id": "120363030860542999@g.us",
    "mensagembv": "Bem Vindo!"
  },
  {
    "id": "120363029244086355@g.us",
    "mensagembv": "Bem Vindo!"
  },
  {
    "id": "120363049725543318@g.us",
    "mensagembv": "Bem Vindo!"
  },
  {
    "id": "120363025507396454@g.us",
    "mensagembv": "Bem Vindo!"
  },
  {
    "id": "120363047272937520@g.us",
    "mensagembv": "Bem Vindo!"
  },
  {
    "id": "120363028924009882@g.us",
    "mensagembv": "Bem Vindo!"
  },
  {
    "id": "120363029434478293@g.us",
    "mensagembv": "Bem Vindo!"
  },
  {
    "id": "120363023506576621@g.us",
    "mensagembv": "Bem Vindo!"
  },
  {
    "id": "120363025639478631@g.us",
    "mensagembv": "Bem Vindo!"
  },
  {
    "id": "120363046240045957@g.us",
    "mensagembv": "Bem Vindo!"
  },
  {
    "id": "120363030600441494@g.us",
    "mensagembv": "Bem Vindo!"
  },
  {
    "id": "120363047997951926@g.us",
    "mensagembv": "Bem Vindo!"
  },
  {
    "id": "557588386998-1606095304@g.us",
    "mensagembv": "Bem Vindo!"
  },
  {
    "id": "120363021093105277@g.us",
    "mensagembv": "Bem Vindo!"
  },
  {
    "id": "120363032081467005@g.us",
    "mensagembv": "Bem Vindo!"
  },
  {
    "id": "558184134700-1627180772@g.us",
    "mensagembv": "Bem Vindo!"
  },
  {
    "id": "120363044230672735@g.us",
    "mensagembv": "Bem Vindo!"
  },
  {
    "id": "120363043821266917@g.us",
    "mensagembv": "Bem Vindo!"
  },
  {
    "id": "120363048685606740@g.us",
    "mensagembv": "Bem Vindo!"
  },
  {
    "id": "120363030077917071@g.us",
    "mensagembv": "Bem Vindo!"
  },
  {
    "id": "120363028951640800@g.us",
    "mensagembv": "Bem Vindo!"
  },
  {
    "id": "120363045653048506@g.us",
    "mensagembv": "Bem Vindo!"
  },
  {
    "id": "120363045260828548@g.us",
    "mensagembv": "Bem Vindo!"
  },
  {
    "id": "120363030419357785@g.us",
    "mensagembv": "Bem Vindo!"
  },
  {
    "id": "120363047185963125@g.us",
    "mensagembv": "Bem Vindo!"
  },
  {
    "id": "120363045075972350@g.us",
    "mensagembv": "Bem Vindo!"
  },
  {
    "id": "120363047837622218@g.us",
    "mensagembv": "Bem Vindo!"
  },
  {
    "id": "120363027610617394@g.us",
    "mensagembv": "bem vindo (a)"
  },
  {
    "id": "120363050809555168@g.us",
    "mensagembv": "Bem Vindo!"
  },
  {
    "id": "120363046060792192@g.us",
    "mensagembv": "Bem Vindo!"
  },
  {
    "id": "120363046032517172@g.us",
    "mensagembv": "Bem Vindo!"
  },
  {
    "id": "120363047905769444@g.us",
    "mensagembv": "Bem Vindo!"
  },
  {
    "id": "120363048236440138@g.us",
    "mensagembv": "BEM VINDO MEU MN"
  },
  {
    "id": "120363108656690946@g.us",
    "mensagembv": "Bem Vindo!"
  },
  {
    "id": "120363045462186246@g.us",
    "mensagembv": "Bem Vindo!"
  },
  {
    "id": "120363140161174748@g.us",
    "mensagembv": "Bem Vindo!"
  },
  {
    "id": "120363159309999963@g.us",
    "mensagembv": "Bem Vindo!"
  },
  {
    "id": "120363046006324205@g.us",
    "mensagembv": "Bem Vindo!"
  },
  {
    "id": "120363140000206401@g.us",
    "mensagembv": "Bem Vindo!"
  },
  {
    "id": "120363099035237635@g.us",
    "mensagembv": "Bem Vindo!"
  }
]
