[{"id":"557197228880@s.whatsapp.net","xp":37099,"level":30002},{"id":"558587524845@s.whatsapp.net","xp":504,"level":1},{"id":"","xp":55484,"level":4},{"id":"558291186009@s.whatsapp.net","xp":5560,"level":2},{"id":"558288076701@s.whatsapp.net","xp":10083,"level":2},{"id":"558298026149@s.whatsapp.net","xp":4541,"level":1},{"id":"558299843760@s.whatsapp.net","xp":3034,"level":1},{"id":"558288940387@s.whatsapp.net","xp":6554,"level":2},{"id":"558291528737@s.whatsapp.net","xp":2011,"level":1},{"id":"5517982038503@s.whatsapp.net","xp":74620,"level":4},{"id":"556892245413@s.whatsapp.net","xp":21672,"level":3},{"id":"5511971782951@s.whatsapp.net","xp":13138,"level":2},{"id":"5521977176626@s.whatsapp.net","xp":10074,"level":2},{"id":"556292682366@s.whatsapp.net","xp":10091,"level":2},{"id":"5512978508948@s.whatsapp.net","xp":506,"level":1},{"id":"5511976658023@s.whatsapp.net","xp":14145,"level":2},{"id":"5521959520567@s.whatsapp.net","xp":43372,"level":4},{"id":"553196258062@s.whatsapp.net","xp":2516,"level":1},{"id":"554184303532@s.whatsapp.net","xp":39845,"level":4},{"id":"5511947265053@s.whatsapp.net","xp":5053,"level":2},{"id":"555181157915@s.whatsapp.net","xp":7562,"level":2},{"id":"5514981383176@s.whatsapp.net","xp":30754,"level":3},{"id":"553191617514@s.whatsapp.net","xp":509,"level":1},{"id":"553199436493@s.whatsapp.net","xp":9572,"level":2},{"id":"5521969226661@s.whatsapp.net","xp":1512,"level":1},{"id":"5517991105169@s.whatsapp.net","xp":1518,"level":1},{"id":"557388890194@s.whatsapp.net","xp":1011,"level":1},{"id":"6281321565429@s.whatsapp.net","xp":1011,"level":1},{"id":"5527992338447@s.whatsapp.net","xp":504,"level":1},{"id":"558299226756@s.whatsapp.net","xp":1011,"level":1},{"id":"5513997043562@s.whatsapp.net","xp":20699,"level":3},{"id":"5513981434352@s.whatsapp.net","xp":4029,"level":1},{"id":"5513996924963@s.whatsapp.net","xp":504,"level":1},{"id":"555181182150@s.whatsapp.net","xp":1007,"level":1}]